ID,Text,UserName,UserFollowerCount,RetweetCount,Likes,CreatedAt,compound,score
1480190307224465408,Stay hungry. Bitcoin,Michael Saylor⚡️,2084920,2017,21352,Sun Jan 09 14:50:44 +0000 2022,0.0,0.0
1480259013455400961,1/ BTC 🤝 ICP direct integration (🚫🌉)cryptographers &amp; engineers hackin' over holidays and weekends... p… /sOzjFB0bSX,DFINITY Foundation,463883,448,1173,Sun Jan 09 19:23:45 +0000 2022,0.3818,207928209.74879998
1480507769610510343,"Legendary investor Bill Miller is still buying Bitcoin: What else in your portfolio ""could go up 50x? Nothing."" /uvRMlud6qJ",Bitcoin Magazine,1921879,648,3898,Mon Jan 10 11:52:13 +0000 2022,0.0,0.0
1480722249246117888,"RT : Chain's $50,000 Bitcoin Giveaway is back!Rules for entry:⛓ Follow on Instagram &amp; Telegram Channels (🔗 in bio)✅ Tag 3…",Carlos Nunez,194,3356,0,Tue Jan 11 02:04:29 +0000 2022,0.0,0.0
1480722251276517380,"When you panic, there's someone is ready to take off on your back~!!!!!🤠🤠🤠🤠🤠 BTC panic cryptocurrency /njbVPgeVlX",CakeTalk,1143,0,0,Tue Jan 11 02:04:29 +0000 2022,-0.7405,-847.1320000000001
1480722252547047425,RT : Show me beautiful NFT Projects in the comments! 💯I'll pick one and retweet it 🔥NFTCommunity OpenSeaNFT NFTGaming NF…,lucky girl || free tag 💸,799,720,0,Tue Jan 11 02:04:30 +0000 2022,0.636,508.8
1480722256737320962,RT : How Many People Got To Ride Bitcoin From $1 to $65K⁉️ BTC /qCkZwzCVah,HexDaddy2chainzz,524,59,0,Tue Jan 11 02:04:31 +0000 2022,0.0,0.0
1480722257332690946,"RT : Follow me for info and exclusive drop of big project. Leave a like on this tweet, I’ll drop something randomly when we lau…",Happy Kiyowo 🌈💜,272,7369,0,Tue Jan 11 02:04:31 +0000 2022,-0.1027,-28.0371
1480722260432412672,"Tether The Lehman Brothers of the crypto world, If Tether (USDT) crashes, much of transactions could grin… /grDXqA4R9c",focusview,1061,0,0,Tue Jan 11 02:04:32 +0000 2022,0.0,0.0
1480722262869352450,RT : Follow me retweet and tags 20 of your friends you will get 13000 terk worth 270$ ends on mar 20giveaway Bitcoin Airdrop…,Moeen Rs,0,5,0,Tue Jan 11 02:04:32 +0000 2022,0.6124,0.6124
1480722265406730241,RT : Official “VA-11 HALL-A” Airdrop💰 500 winners will win a grand total of 5 billion $VALLHALLA tokens (10 million $VALLHA…,Fadilla Naditri,21,28,0,Tue Jan 11 02:04:33 +0000 2022,0.872,19.184
1480722265503371264,Front run the institutions. They are coming. BTC /OqlrVeFzlN,McBTC.gmi,298,0,0,Tue Jan 11 02:04:33 +0000 2022,0.0,0.0
1480722266665086976,Only those with a papery high time preference bitcoin,Anteambulo ⚡️,30,0,0,Tue Jan 11 02:04:33 +0000 2022,0.0,0.0
1480722267575566336,RT : RBXSEvery struggle in your life has shaped you into the person💯💥💥💥💥💥 💎 links: /fG1fyf7Ai5 💎 website:…,Heart💎 Elite Soldier 💎,1671,9,0,Tue Jan 11 02:04:33 +0000 2022,-0.9153,-1530.3816
1480722268665696257,"ICP - long alert 🤩🤩Exchange     : FTXMarket         : $ICP - $PERPVolume        : $598,896Price            :… /nJXYDvgwy4",Volume Alerts,49949,0,0,Tue Jan 11 02:04:33 +0000 2022,0.296,14785.199999999999
1480722269160996866,"air coin [Chaohua]  if you don't want to make leeks, please choose airIf you are still worrying about your liveli… /keAxXVRcLm",春源,46,0,0,Tue Jan 11 02:04:34 +0000 2022,-0.0829,-3.8963
1480722269517221889,RT : Official “VA-11 HALL-A” Airdrop💰 500 winners will win a grand total of 5 billion $VALLHALLA tokens (10 million $VALLHA…,Trimurtirahayoe,92,28,0,Tue Jan 11 02:04:34 +0000 2022,0.872,81.096
1480722274969808898,RT : The lower Weekly Bollinger Band is where BTC bottomed in May 2021Not only is $BTC close to reaching the lower BBand aga…,Braddon Buckley,68,78,0,Tue Jan 11 02:04:35 +0000 2022,-0.3818,-26.344199999999997
1480722277482340358,RT : This is HUGE for Bitcoin. A very RARE monthly hidden bullish divergence has been spotted and could send price to new A…,Jose Hakem,7,21,0,Tue Jan 11 02:04:36 +0000 2022,0.4648,3.7184
1480722284734083078,RT : Official “VA-11 HALL-A” Airdrop💰 500 winners will win a grand total of 5 billion $VALLHALLA tokens (10 million $VALLHA…,Haji Ikin,5,28,0,Tue Jan 11 02:04:37 +0000 2022,0.872,5.232
1480722290400808963,"RT : ✨ The most iconic Bitcoin tweet of all-time turns 13.Today, we are all running Bitcoin /ZxHxI5uPb4",Enii,2277,286,0,Tue Jan 11 02:04:39 +0000 2022,0.3182,724.8596
1480722290543403008,RT : BREAKING: Klay Thompson to take part of his salary in Bitcoin stating that Bitcoin is the future of money /TL…,Stephortless,332,411,0,Tue Jan 11 02:04:39 +0000 2022,0.0,0.0
1480722293663928323,Thanks you so much. I am glad to This is excellent project for in this future with strong developmen… /mzRxUvUEWD,Hayavi_Design,79,0,0,Tue Jan 11 02:04:39 +0000 2022,0.9169,73.352
1480722295182090245,Bitcoin is like Project Mayhem - you choose your own level of involvement.,Mission Bitcoin,300,0,0,Tue Jan 11 02:04:40 +0000 2022,0.3612,108.72120000000001
1480722301238849536,Dollar depreciation vs. the growth of bitcoinInvestors prefer bitcoin over the dollarDollar Cryptocurrencies… /fTzaheedI4,WebMediums,6414,0,0,Tue Jan 11 02:04:41 +0000 2022,0.3818,2449.247
1480722303898079233,RT : If I send you some encrypt.Please select one of them.AirCoin AirCash AirCoinDAOLabs SHIB @…,灯塔,1,266,0,Tue Jan 11 02:04:42 +0000 2022,0.0,0.0
1480722304774512644,Bitcoin Mood: How The Fed’s Actions Might Affect the Cryptocurrency/z24FHVZkzB BTC Crypto,TheBitcoinScoop,43,0,0,Tue Jan 11 02:04:42 +0000 2022,0.0,0.0
1480722311506546689,"RT : While Bitcoin dips below $40,000Let's take a look what happened in 2021 building the momentum and foundation for B…",KryptvZ,3,213,0,Tue Jan 11 02:04:44 +0000 2022,0.0,0.0
1480722313788018689,"RT : 🔍 New Airdrop: Ancient KingDom💲Reward: Up to 35 DOM (~$4.1) + 30K DOM (~$6,775) referral pool🔴 Start the airdrop bot h…",Arjun mahto,15,10057,0,Tue Jan 11 02:04:44 +0000 2022,0.0,0.0
1480722321442672640,RT : $TCT Have you heard about wildcardgame ? I have and it's great !!  Don’t let what you can’t do interfere wi…,Rohit,153,5,0,Tue Jan 11 02:04:46 +0000 2022,0.6892,106.13680000000001
1480722322763890697,"RT : New airdrop: Influencio (USDT)Total Reward: 3,000 USDTRate: ⭐️⭐️⭐️⭐️Winners: 1,000 Random &amp; Top 100Distribution: wi…",Lynx Sao,1,8342,0,Tue Jan 11 02:04:46 +0000 2022,0.6705,1.341
1480722326186598400,RT : 💥BMB  Pre-Sale 2 with a discount Bonus Live⌛️ the end PRE SELL BMB💢only 24 DAYS is left🧭End Pre sell 05 February 2022✅…,Chef Khalyfa,29,8,0,Tue Jan 11 02:04:47 +0000 2022,-0.0516,-1.548
1480722326434074631,RT : In 1980 people said the same thing about silver futures after it topped at $50. “It then sank to a low of $3.65 and did not star…,you_love01p,4418,56,0,Tue Jan 11 02:04:47 +0000 2022,-0.2732,-1207.2708
1480722329604739072,RT : Live AMA on NOW🔥/Dq1AQzmTRfnfts nft nftart nftartist nftcollector cryptoart digitalart nftcommunity…,Poppy_thecavdach,15,1,0,Tue Jan 11 02:04:48 +0000 2022,0.0,0.0
1480722332155011072,**Bitcoin doubters thinking this is the end**Me knowing I'd buy $BTC even at $0.0000001 /t6dI9makBF,Moon,7617,0,0,Tue Jan 11 02:04:49 +0000 2022,-0.3182,-2424.0476
1480722332683743235,RT : 🌟I want to work with multiple NFTProjects and want to help them gain exposure and gain a active fanbase!Dm me for a paid…,Toshiro,4,40,0,Tue Jan 11 02:04:49 +0000 2022,0.92,4.6000000000000005
1480722333329498119,"RT : While Bitcoin dips below $40,000Let's take a look what happened in 2021 building the momentum and foundation for B…",⚡₿⚡,261,213,0,Tue Jan 11 02:04:49 +0000 2022,0.0,0.0
1480722335967571972,RT : 💧 TTAP Airdrop 💧🏆 Task:          ➕ 5 USDT for 300 random participants.👨‍👩‍👧 Referral:   ➕ 25 USDT for top 20 referre…,Arif Shikder,5,468,0,Tue Jan 11 02:04:50 +0000 2022,0.2023,1.2138
1480722336043130880,RT : Bill Miller on why so many financial luminaries failed to grok Bitcoin.⚾️ /9lMFkzdaAe,Stonktoshi Nakafomo,79,266,0,Tue Jan 11 02:04:50 +0000 2022,-0.5106,-40.848000000000006
1480722338114981889,"RT : Yesss, you read it right!! We are a team of 10K now 🎉🎉🎊🎊Thank You everyone for showing soo much support 🙌💪Polysports …",please pick meeeeee picknava/pickaw🎉🍀,41,670,0,Tue Jan 11 02:04:50 +0000 2022,0.8264,34.708800000000004
1480722342154321922,"RT : The air coin in your eyes is in the whole world, in the universe, the world is changing in AIRCASH, and anonymous prop…",灯塔,1,282,0,Tue Jan 11 02:04:51 +0000 2022,0.0,0.0
1480722353776578561,"RT : Yess Yess, Polysports will be the one-stop for your favorite Fantasy Sports.🎯🎮Polysports BTC BNB BSC MATIC DFS N…",please pick meeeeee picknava/pickaw🎉🍀,41,3197,0,Tue Jan 11 02:04:54 +0000 2022,0.4588,19.2696
1480722358000177154,RT : This is insane...+1351.36% in a week/g9V9fiJeJSBSCGems meme token DogeNFTCollector shiba doge…,aayyybonk,24,9,0,Tue Jan 11 02:04:55 +0000 2022,0.0,0.0
1480722360441339904,RT : Show me beautiful NFT Projects in the comments! 💯I'll pick one and retweet it 🔥NFTCommunity OpenSeaNFT NFTGaming NF…,en🍀,486,720,0,Tue Jan 11 02:04:55 +0000 2022,0.636,309.732
1480722361959661576,RT : Show me beautiful NFT Projects in the comments! 💯I'll pick one and retweet it 🔥NFTCommunity OpenSeaNFT NFTGaming NF…,Rizki Amalia,0,720,0,Tue Jan 11 02:04:56 +0000 2022,0.636,0.636
1480722366250594304,[BTCUSDT - WEEK] BTC BTCUSDT BINANCE BTCUSD CRYPTO BITFINEX BITCOINGRAPHIC OKEX ETH ETHEREUM ETHUSDT… /goHKqW1ymn,Believe if you want,669,0,0,Tue Jan 11 02:04:57 +0000 2022,0.0,0.0
1480722370079997952,RT : Investors are embracing Bitcoin as Digital Gold.,ReSa,41,1413,0,Tue Jan 11 02:04:58 +0000 2022,0.0,0.0
1480722373305409545,RT : Bitcoin is inevitable,Tron M,206,160,0,Tue Jan 11 02:04:58 +0000 2022,0.0,0.0
1480722374622334976,RT : Issues with retail &amp; BTC:1. Considered too expensive - not understanding Sats are fractions of BTC2. Underestimating value…,GHOST OF Ragnar Danneskjold🇳🇬🏴󠁧󠁢󠁷󠁬󠁳󠁿🩺🔬,424,2,0,Tue Jan 11 02:04:59 +0000 2022,0.0,0.0
1480722378489487366,"Top 10 Cryptocurrency Live Prices: (09:05 PM . Jan 10,2022)BTC $41919.77ETH $3088.49BNB $425.50DOGE $0.1… /4QNPK5K6EK",Cryptocurrency prices (real-time),757,0,0,Tue Jan 11 02:05:00 +0000 2022,0.2023,153.3434
1480722379144048643,"air coin [Chaohua]  if you don't want to make leeks, please choose airIf you are still worrying about your liveli… /zRhrZ3VYbY",春源,46,0,0,Tue Jan 11 02:05:00 +0000 2022,-0.0829,-3.8963
1480722381173772288,"RT : Once mimblewimble is implemented, you're going to have a hard time explaining how bitcoin is superior money versus lit…",edward_crypto_hands,326,11,0,Tue Jan 11 02:05:00 +0000 2022,0.4767,155.8809
1480722382918754310,"RT : We hope that all human beings can achieve the liberation of wealth,  minds, and souls through the power of AIR in a dec…",灯塔,1,359,0,Tue Jan 11 02:05:01 +0000 2022,0.7269,1.4538
1480722385351614470,RT : Which memecoins Can Give 1000x Guy's 🤑🚀Dogecoin | SHIB | BabyDogeCoin | KISHU | FLOKI | CheemsInu | FEG | ca…,BIG WINS PLS,63,335,0,Tue Jan 11 02:05:01 +0000 2022,0.0,0.0
1480722389398736901,"RT : 🔍 New Airdrop: The MetaFire💲Reward: Up to 333 MFC (~$6) + 382K MFG (~$7,650) referral pool🔴 Start the airdrop bot http…",Vezi Dukoh,0,1781,0,Tue Jan 11 02:05:02 +0000 2022,0.0,0.0
1480722389738479617,Kosovo Police Confiscates Hundreds of Cryptocurrency Mining Machines - CryptoPotato /Us40Br5rNp crypto… /6REwDP0tts,Crypto Scoop,860,0,0,Tue Jan 11 02:05:02 +0000 2022,0.0,0.0
1480722390195834888,RT : The man himself admits that $ETH isn’t ready for mass adoption and $USDT follows along. Its time for the rise of $XDC and $…,p.h.e.m.m.y♐🥇,159,37,0,Tue Jan 11 02:05:02 +0000 2022,0.5719,91.50399999999999
1480722391806349312,Thank you and !!! PaidInBitcoinI was so surprised to see the notification 🔔☺️🎉 $50… /haYGe5iakW,Kyle,6764,0,0,Tue Jan 11 02:05:03 +0000 2022,0.8902,6022.2029999999995
1480722393257627651,🔴 Sell $LINK [SPOT]LINKUSDTAverage Cost: $26.89Sell Price: $27.87Filled: 1.4875 LINK / 41.46 USDTPNL: $1.46… /tFLqWyRUsU,CryptoMatic Bot,1228,0,0,Tue Jan 11 02:05:03 +0000 2022,0.0,0.0
1480722394260013056,RT : Official “VA-11 HALL-A” Airdrop💰 500 winners will win a grand total of 5 billion $VALLHALLA tokens (10 million $VALLHA…,@Yogasedaw,386,28,0,Tue Jan 11 02:05:03 +0000 2022,0.872,337.464
1480722394364973063,"RT : Bitcoin Satoshi crypto blockchain Airdrop”Get FREE CRYPTO up to $10,000 unlimited times and 15% STAKING!Shop at…",Crypto Airdrops,1694,2,0,Tue Jan 11 02:05:03 +0000 2022,0.6514,1104.123
1480722395434414080,"Excellent project, i hope it will be one of the best project in the airdrop history. I am really ha… /fW8QKFl525",Abdul Lotif Shahin,43,0,0,Tue Jan 11 02:05:04 +0000 2022,0.8957,39.4108
1480722395551969284,RT : Turn away from the money changers and towards Bitcoin,GHOST OF Ragnar Danneskjold🇳🇬🏴󠁧󠁢󠁷󠁬󠁳󠁿🩺🔬,424,3,0,Tue Jan 11 02:05:04 +0000 2022,0.0,0.0
1480722395707019266,RT : My Off Threat before 2k deleted it! dazedgaming PZGD NBA NBAAllStar 2kfreeagent 2kcrewfinder 2k22 twitch Twitt…,Pro Zone Gaming Division,996,1,0,Tue Jan 11 02:05:04 +0000 2022,-0.5707,-568.9879
1480722399553363973,"RT : AIRCash is waiting for your arrival, and we will rush to the meta-universe together. Get some fresh airContract addr…",灯塔,1,268,0,Tue Jan 11 02:05:05 +0000 2022,0.3182,0.6364
1480722404531847168,RT : 💧 TTAP Airdrop 💧🏆 Task:          ➕ 5 USDT for 300 random participants.👨‍👩‍👧 Referral:   ➕ 25 USDT for top 20 referre…,Roysbtk,19,468,0,Tue Jan 11 02:05:06 +0000 2022,0.2023,4.046
1480722408759693315,RT : bitcoin going to make the biggest comeback ever.,Jesse Davies,93,215,0,Tue Jan 11 02:05:07 +0000 2022,0.0,0.0
1480722409028206598,"""Give me your tired, your poor,Your huddled masses yearning to breathe free,The… /uLe4b52BVC","Darío Llevat, M.D.",773,0,0,Tue Jan 11 02:05:07 +0000 2022,-0.34,-263.16
1480722410244653057,RT : Is BabyDoge only crypto not affected by Bitcoin too much ?,jafar,10,175,0,Tue Jan 11 02:05:07 +0000 2022,0.1139,1.2529
1480722413218414593,RT : Amazon stock as a public company:Down 6% in a day: 200+ times Down 15%+ over 3 days: 100+ times Down 80% or more: 6 ti…,Tony Pompliano,679,157,0,Tue Jan 11 02:05:08 +0000 2022,0.1779,120.97200000000001
1480722416318005250,"RT : Bitcoin Satoshi crypto blockchain AirdropNew Airdrop Yobit 📢“Get Free Coins”, play games and earn coins on Yobi…",Crypto Airdrops,1934,22,0,Tue Jan 11 02:05:09 +0000 2022,0.6908,1336.6979999999999
1480722420688322564,"RT : If you really wants to be Rich, Just HODL on a legit projects, not pump and rug projects. Ensure that you bag …",Rindang_Art,3,198,0,Tue Jan 11 02:05:10 +0000 2022,0.7351,2.9404
1480722421061722114,RT : 4JNET is a trust worthy project. It is confirmed by the MSB license and Certik audited.What else do you need?Blockchain NF…,Olegs Nikitins,42,7,0,Tue Jan 11 02:05:10 +0000 2022,0.7351,31.609299999999998
1480722429257388037,"RT : It’s time for our latest stats ⬇️Managed assets : $423,454,303 💰1,456 BTC 61,276 ETH99,107,727 USDC41,234,385 USDT…",Tasos,39,14,0,Tue Jan 11 02:05:12 +0000 2022,0.1779,7.116
1480722430897229825,RT : Official “VA-11 HALL-A” Airdrop💰 500 winners will win a grand total of 5 billion $VALLHALLA tokens (10 million $VALLHA…,Dini Amelia,29,28,0,Tue Jan 11 02:05:12 +0000 2022,0.872,26.16
1480722433053278209,RT : monero fixes bitcoin,cryptomole,35,14,0,Tue Jan 11 02:05:13 +0000 2022,0.0,0.0
1480722433640308737,RT : Flash Crash BTC BNB$BNB$FTM$DOT$BTC$ETH$SHIB$ADA$MATIC$SOL /fgKq2ggzGe,PE₿,30080,13,0,Tue Jan 11 02:05:13 +0000 2022,-0.4019,-12089.553899999999
1480722434508607492,RT : Some bitcoin charts you need to see right now!,Alex!!,137,24,0,Tue Jan 11 02:05:13 +0000 2022,0.0,0.0
1480722435238367233,Listen to the people and DYOR !! DucksUnited ducksflytogether quack nft… /9sDfUFO6gy,idaptiv.eth | Wess | Duckciple,589,0,0,Tue Jan 11 02:05:13 +0000 2022,0.0,0.0
1480722439743094794,"RT : Today is what I like to call a ""round trip"" day. Sold puts at the bottom and bought calls at the lows ⚠️SPX game plan…",Infinity Trades,518,1,0,Tue Jan 11 02:05:14 +0000 2022,0.1779,92.3301
1480722440787427337,"RT : 🔍 New Airdrop: The MetaFire💲Reward: Up to 333 MFC (~$6) + 382K MFG (~$7,650) referral pool🔴 Start the airdrop bot http…",MD sharif $BANANA,188,1781,0,Tue Jan 11 02:05:15 +0000 2022,0.0,0.0
1480722441571815429,$Lee6537 Sweet BTC🔥,DetroitRover65,905,0,0,Tue Jan 11 02:05:15 +0000 2022,0.1531,138.70860000000002
1480722441584316419,RT : 🎙 New Project🔷 Sacred Tails (ST)🔶 Sacred Tails is a play-to-earn blockchain-based 3D battle game built on the Bina…,Tinafay,20,4126,0,Tue Jan 11 02:05:15 +0000 2022,0.296,6.215999999999999
1480722442549035008,"RT : 🔍 New Airdrop: Ancient KingDom💲Reward: Up to 35 DOM (~$4.1) + 30K DOM (~$6,775) referral pool🔴 Start the airdrop bot h…",Piumal,7,10057,0,Tue Jan 11 02:05:15 +0000 2022,0.0,0.0
1480722443215933441,"It's amazing, this is a project I've been waiting for for a long time, let's go my friends, it's rea… /jJZfbNTtw9",Fahrul_Oiiker,3,1,0,Tue Jan 11 02:05:15 +0000 2022,0.7845,3.138
1480722443849191425,RT : sent you money Bitcoin who’s next ? rt + done,SUUNEEL,22,472,0,Tue Jan 11 02:05:15 +0000 2022,0.0,0.0
1480722447301320710,Do you know what that means anon?btc crypto /gobDUUcriV,𝐖𝐨𝐥𝐟 𝐨𝐟 𝐌𝐚𝐢𝐧𝐬𝐭𝐫𝐞𝐞𝐭 ༒,6022,0,0,Tue Jan 11 02:05:16 +0000 2022,0.0,0.0
1480722448710389760,"Bitcoin Fear and Greed Index is 21 - Extreme FearCurrent price: $41,860Bitcoin  bitcoin  BTC /AfkVIoCjK4",CITEX,10180,0,0,Tue Jan 11 02:05:16 +0000 2022,-0.7096,-7224.4376
1480722448743948294,RT : JUST IN: Klay Thompson to take part of his salary in Bitcoin!,Jesse Davies,93,127,0,Tue Jan 11 02:05:16 +0000 2022,0.0,0.0
1480722454989484034,"RT : Ignore the price. Just stack. Over time, Bitcoin ‘s purchasing power is mathematically guaranteed to go up. All fiat, s…",Ziko,511,73,0,Tue Jan 11 02:05:18 +0000 2022,-0.3612,-184.9344
1480722457103265796,RT : sent you money Bitcoin who’s next ? rt + done.,SUUNEEL,22,555,0,Tue Jan 11 02:05:18 +0000 2022,0.0,0.0
1480722458931970050,"RT : It's amazing, this is a project I've been waiting for for a long time, let's go my friends, it's really a…",Fahrul_Oiiker,3,1,0,Tue Jan 11 02:05:19 +0000 2022,0.7845,3.138
1480722463679860736,"RT : Gold has gone from 0 to $1850 in 5000 yearsBitcoin has gone from 0 to $57,000 in 10 yearsWhy would I own gold?- Inv…",Mr.BUIDL🦇🔊,503,607,0,Tue Jan 11 02:05:20 +0000 2022,0.0,0.0
